Metric,Avg_Diff,p-value,Significant
Cmp%.2,-13.608333333333341,0.0029133010685226703,True
