Metric,Avg_Diff,p-value,Significant
Carries,-316.8484848484848,0.041022156333550074,True
TotDist,-1586.9898989898988,0.044334409917317595,True
Rec,-371.33333333333337,0.03450551578675765,True
