Metric,Avg_Diff,p-value,Significant
Cmp%,-11.099999999999994,0.007049118430258161,True
Cmp%.2,-15.985,0.0014424679315394803,True
Cmp%.3,-20.848333333333336,0.00910155815431412,True
