Metric,Avg_Diff,p-value,Test Used,Significant
Cmp%.2,-10.035897435897446,0.0351622918702773,Mann-Whitney U Test,True
Mn/Start,11.25,0.022030018219850556,T-Test (Equal Var),True
PPM,0.766239316239316,0.00048272341815732903,T-Test (Equal Var),True
+/-90,0.7352991452991453,0.012126902983825906,Mann-Whitney U Test,True
