Metric,Avg_Diff,p-value,Test Used,Significant
MP,-7.583333333333334,0.03991424331507267,T-Test (Equal Var),True
90s,-4.333333333333334,0.03843826050733513,Mann-Whitney U Test,True
SoT%,-18.383333333333333,0.04863010642109703,Mann-Whitney U Test,True
SoT/90,-0.3949999999999999,0.007750865708345086,Mann-Whitney U Test,True
Cmp%.2,-9.24166666666666,0.026559071503212447,T-Test (Equal Var),True
