Metric,Avg_Diff,p-value,Test Used,Significant
GCA90,-0.10444444444444445,0.03908990280244143,T-Test (Equal Var),True
PassLive.1,-1.75,0.029416933710002764,Mann-Whitney U Test,True
Mn/Sub,13.928571428571427,0.015188710117937562,T-Test (Equal Var),True
onG,-12.444444444444443,0.038511226871616566,T-Test (Equal Var),True
onGA,-12.902777777777779,0.005993601191549716,T-Test (Equal Var),True
