Metric,Avg_Diff,p-value,Test Used,Significant
90s,-4.6363636363636385,0.002529833835157096,Mann-Whitney U Test,True
Cmp%,-6.967424242424244,0.04787065451665389,T-Test (Equal Var),True
Cmp%.2,-12.656818181818181,0.007276413914304917,T-Test (Equal Var),True
