Metric,Avg_Diff,p-value,Test Used,Significant
Cmp%,-5.521621621621634,0.028667058373437356,T-Test (Equal Var),True
Str,0.4,0.022393646167925055,Mann-Whitney U Test,True
PassDead.1,0.775,0.03071619177408695,Mann-Whitney U Test,True
Mn/Start,8.643243243243248,0.002902451214076928,Welch’s T-Test,True
PPM,0.7327500000000002,5.065514060748763e-05,Mann-Whitney U Test,True
+/-,10.45,0.010094418456062924,Welch’s T-Test,True
+/-90,0.8805000000000001,6.448714349476946e-05,Mann-Whitney U Test,True
xG+/-90,0.3137500000000001,0.026440452328596736,Mann-Whitney U Test,True
