Metric,Avg_Diff,p-value,Test Used,Significant
Poss,6.131578947368425,0.0006811662425132329,Mann-Whitney U Test,True
Cmp%,-3.783092324805338,0.03440026800748624,Mann-Whitney U Test,True
Cmp%.2,-4.925542784163483,0.01778140699272189,Mann-Whitney U Test,True
Cmp%.3,-10.222477650063865,0.011997310265190108,Mann-Whitney U Test,True
