Metric,Avg_Diff,p-value,Test Used,Significant
Poss,6.131578947368425,0.0006811662425132329,Mann-Whitney U Test,True
Cmp%,-4.433844189016597,0.015934910501916356,Mann-Whitney U Test,True
Cmp%.2,-4.925542784163483,0.01778140699272189,Mann-Whitney U Test,True
Cmp%.3,-10.222477650063865,0.011997310265190108,Mann-Whitney U Test,True
Sw,-2.579575596816976,0.04087838817310986,Mann-Whitney U Test,True
Mn/Start,5.142857142857139,0.0431980670836595,Mann-Whitney U Test,True
PPM,0.5891826309067689,5.094313595191575e-06,Mann-Whitney U Test,True
+/-,8.743295019157088,0.0007647983962388263,Mann-Whitney U Test,True
+/-90,0.9352490421455939,1.6024937807572248e-05,Mann-Whitney U Test,True
