Metric,Avg_Diff,p-value,Test Used,Significant
Poss,5.106015037593984,0.015290330504633905,T-Test (Equal Var),True
Attendance,-5932.27157894737,1.8857179277030127e-05,Mann-Whitney U Test,True
FK,-7.291404612159329,0.022210263906669563,Mann-Whitney U Test,True
