Metric,Avg_Diff,p-value,Test Used,Significant
Cmp%,-5.290760869565204,0.03157630181768177,Mann-Whitney U Test,True
Cmp%.2,-7.756884057971007,0.009448923917502019,T-Test (Equal Var),True
Mn/Sub,7.4904761904761905,0.018449860084571775,T-Test (Equal Var),True
onG,-8.559782608695652,0.03155093530196014,T-Test (Equal Var),True
onGA,-8.73913043478261,0.013503624969346918,T-Test (Equal Var),True
xG+/-90,-0.3971014492753624,0.042044404150941114,Mann-Whitney U Test,True
